<?xml version="1.0" encoding="UTF-8" ?>
<!DOCTYPE mapper PUBLIC "-//mybatis.org//DTD Mapper 3.0//EN"
  "http://mybatis.org/dtd/mybatis-3-mapper.dtd">

<!-- 必须与接口全名严格一致 -->
<mapper namespace="com.minicloud.mapper.FileInfoMapper">

  <!-- 共享视图：列出“某共享目录”的直接子项 -->
  <select id="listByShare" resultType="com.minicloud.entity.FileInfo">
    SELECT fi.*
    FROM file_info fi
    JOIN file_share s ON s.file_id = fi.parent_id
    WHERE (
      (s.share_type = 0 AND s.target_id = #{userId})
      OR
      (s.share_type = 1
        <if test="deptScope != null and deptScope.size() > 0">
          AND s.target_id IN
          <foreach collection="deptScope" item="id" open="(" separator="," close=")">
            #{id}
          </foreach>
        </if>
        <if test="deptScope == null or deptScope.size() == 0">
          AND 1 = 0
        </if>
      )
    )
    AND fi.deleted = 0
    AND fi.is_recycled = 0
    <if test="rootFolderId != null">
      AND fi.parent_id = #{rootFolderId}
    </if>
    <if test="rootFolderId == null">
      AND fi.parent_id IS NULL
    </if>
    <if test="keyword != null and keyword != ''">
      AND fi.file_name LIKE CONCAT('%', #{keyword}, '%')
    </if>
    ORDER BY fi.is_directory DESC, fi.file_name ASC
  </select>

  <!-- 部门空间：管理员不过滤；普通成员 onlyOpen=true 时仅能看到“开放”的 -->
  <select id="listDepartmentSpace" resultType="com.minicloud.entity.FileInfo">
    SELECT fi.*
    FROM file_info fi
    WHERE fi.space_type = 1
      AND fi.deleted = 0
      AND fi.is_recycled = 0
      <if test="deptScope != null and deptScope.size() > 0">
        AND fi.space_id IN
        <foreach collection="deptScope" item="id" open="(" separator="," close=")">
          #{id}
        </foreach>
      </if>
      <if test="deptScope == null or deptScope.size() == 0">
        AND 1 = 0
      </if>

      <if test="rootFolderId == null">
        AND fi.parent_id IS NULL
      </if>
      <if test="rootFolderId != null">
        AND fi.parent_id = #{rootFolderId}
      </if>

      <if test="onlyOpen == true">
        AND EXISTS (
          SELECT 1
          FROM file_share s
          WHERE s.file_id = fi.id
            AND s.share_type = 1
            AND s.is_open = 1
            <if test="deptScope != null and deptScope.size() > 0">
              AND s.target_id IN
              <foreach collection="deptScope" item="id" open="(" separator="," close=")">
                #{id}
              </foreach>
            </if>
            <if test="deptScope == null or deptScope.size() == 0">
              AND 1 = 0
            </if>
        )
      </if>

      <if test="keyword != null and keyword != ''">
        AND fi.file_name LIKE CONCAT('%', #{keyword}, '%')
      </if>
    ORDER BY fi.is_directory DESC, fi.file_name ASC
  </select>

  <!-- 企业空间 -->
  <select id="listEnterpriseSpace" resultType="com.minicloud.entity.FileInfo">
    SELECT fi.*
    FROM file_info fi
    WHERE fi.space_type = 2
      AND fi.space_id = #{enterpriseId}
      AND fi.deleted = 0
      AND fi.is_recycled = 0
      <if test="rootFolderId == null">
        AND fi.parent_id IS NULL
      </if>
      <if test="rootFolderId != null">
       AND fi.parent_id = #{rootFolderId}
      </if>
      <if test="keyword != null and keyword != ''">
        AND fi.file_name LIKE CONCAT('%', #{keyword}, '%')
      </if>
    ORDER BY fi.is_directory DESC, fi.file_name ASC
  </select>

  <!-- 跨空间模糊搜索（服从权限） -->
  <select id="searchAcrossSpaces" resultType="com.minicloud.entity.FileInfo">
    SELECT fi.*
    FROM file_info fi
    WHERE fi.deleted = 0
      AND fi.is_recycled = 0
      AND (
        (#{inPersonal} = 1 AND fi.space_type = 0 AND fi.owner_id = #{userId})

        OR
        (#{inDepartment} = 1 AND fi.space_type = 1
          <if test="deptScope != null and deptScope.size() > 0">
            AND fi.space_id IN
            <foreach collection="deptScope" item="id" open="(" separator="," close=")">
              #{id}
            </foreach>
          </if>
          <if test="deptScope == null or deptScope.size() == 0">
            AND 1 = 0
          </if>
          <if test="onlyOpen == true">
            AND EXISTS (
              SELECT 1 FROM file_share s
              WHERE s.file_id = fi.id
                AND s.share_type = 1
                AND s.is_open = 1
                <if test="deptScope != null and deptScope.size() > 0">
                  AND s.target_id IN
                  <foreach collection="deptScope" item="id" open="(" separator="," close=")">
                    #{id}
                  </foreach>
                </if>
                <if test="deptScope == null or deptScope.size() == 0">
                  AND 1 = 0
                </if>
            )
          </if>
        )

        OR
        (#{inEnterprise} = 1 AND fi.space_type = 2
           <if test="enterpriseId != null"> AND fi.space_id = #{enterpriseId} </if>)
      )
      <if test="keyword != null and keyword != ''">
        AND fi.file_name LIKE CONCAT('%', #{keyword}, '%')
      </if>
    ORDER BY fi.is_directory DESC, fi.file_name ASC
  </select>

</mapper>
